word,count
ABOUT,1226734006
OTHER,978481319
WHICH,810514085
THEIR,782849411
THERE,701170205
FIRST,578161543
WOULD,572644147
THESE,541003982
CLICK,536746424
PRICE,501651226
STATE,453104133
EMAIL,443949646
WORLD,431934249
MUSIC,414028837
AFTER,372948094
VIDEO,365410017
WHERE,360468339
ORDER,336631187
GROUP,321842984
UNDER,313296421
COULD,302311431
GREAT,301487430
HOTEL,297974790
STORE,291308910
RIGHT,273620358
LOCAL,270742935
THOSE,270014141
USING,269448880
PHONE,256643812
FORUM,254478181
BLACK,244690155
CHECK,244491090
INDEX,242826246
BEING,242783091
WOMEN,242520455
TODAY,239271204
SOUTH,238581133
FOUND,232005894
HOUSE,231310420
PHOTO,227125249
POWER,226596368
WHILE,226194991
THREE,223417394
TOTAL,222649459
PLACE,220970235
THINK,217856550
NORTH,217809513
MEDIA,216432510
WATER,215178488
SINCE,214302926
GUIDE,213378807
BOARD,212361059
WHITE,209863729
SMALL,208371878
LEVEL,202563642
IMAGE,197874283
TITLE,196676017
SHALL,191963867
CLASS,191087771
STILL,190433487
MONEY,190205072
EVERY,189325890
VISIT,187062316
REPLY,184777992
VALUE,182061247
PRESS,179652730
LEARN,179428286
PRINT,178250872
STOCK,176295589
POINT,175527859
LARGE,165863763
TABLE,165341452
START,161913408
MODEL,161205740
HUMAN,160573748
MOVIE,158421100
MARCH,158281269
GOING,155284081
STUDY,152978354
STAFF,151553180
AGAIN,150781416
NEVER,149556758
TOPIC,149001702
BELOW,145701629
PARTY,144707500
LOGIN,144200144
LEGAL,142048771
ABOVE,141894620
QUOTE,139242226
STORY,138433809
YOUNG,136341684
FIELD,135289140
PAPER,134939426
NIGHT,130531484
POKER,129054826
ISSUE,128427156
RANGE,128314924
COURT,127719981
AUDIO,127014703
LIGHT,126699632
WRITE,126645151
OFFER,126228968
GIVEN,125542966
EVENT,125515260
CHINA,124472054
MIGHT,123196001
MONTH,123027963
MAJOR,122592252
SPACE,121505269
CHILD,119747393
ENTER,119394206
SHARE,119294241
RADIO,113285624
UNTIL,113090086
COLOR,112965658
TRACK,112385243
LEAST,111229798
TRADE,110086585
GREEN,108287905
CLOSE,107853068
DRIVE,107799371
SHORT,106755242
DAILY,105837757
BEACH,105642682
STYLE,101024266
FRONT,100886343
EARLY,100013194
SOUND,100010833
FINAL,97649084
ADULT,97583096
THING,97451660
CHEAP,97049762
THIRD,95489240
COVER,94501729
OFTEN,92551460
WATCH,92006970
HEART,90249265
ERROR,89396475
CLEAR,88447610
TAKEN,87019836
KNOWN,86395556
QUICK,85584600
WHOLE,85202530
LATER,84857974
BASIC,84840226
ALONG,83444756
AMONG,83431590
DEATH,83216831
SPEED,83135749
BRAND,82807581
STUFF,81444510
DOING,80821946
ENTRY,80717798
FORCE,79199815
RIVER,78843808
ALBUM,77914316
BUILD,77203075
APPLY,76341478
CROSS,74230978
LOWER,72606927
UNION,72603888
LEAVE,70957750
WOMAN,70613606
CABLE,70082598
SCORE,69315004
SHOWN,68755779
FLASH,68391647
ALLOW,67052567
SUPER,66703287
CAUSE,65904680
FOCUS,65626732
VOICE,64600528
BROWN,64112042
GLASS,63559754
HAPPY,63471922
SMITH,63357901
THANK,63234550
PRIOR,62949059
SPORT,62683851
READY,62667516
ROUND,61836702
BUILT,61502894
BLOOD,61348302
EARTH,61059905
BASIS,59901425
AWARD,59652161
EXTRA,59377307
QUITE,58777731
HORSE,58453720
OWNER,58189056
BRING,57608074
INPUT,57191675
AGENT,57103658
VALID,57094711
GRAND,56599468
TRIAL,56547673
WROTE,56421594
METAL,56181783
GUEST,55293215
TRUST,55157142
GRADE,54275130
PANEL,53784382
FLOOR,53759851
MATCH,53532481
PLANT,53247607
SENSE,52629633
STAGE,52518330
MAYBE,51895609
YOUTH,51426255
BREAK,51242970
DANCE,51147967
APPLE,50551171
ENJOY,50141455
BLOCK,49694725
CIVIL,49495349
STEEL,49452604
WRONG,49156828
FULLY,48616832
WORTH,48075237
PEACE,47856201
COAST,47716394
GRANT,47609624
AGREE,47500911
SCALE,46307526
STAND,46292709
FRAME,46079991
CHIEF,45699591
HEARD,45436523
BEGIN,45434902
ROYAL,45407189
CLEAN,45381752
BIBLE,45080741
SUITE,44829675
PIECE,44298807
SHEET,44295187
SEVEN,44224906
OLDER,44222089
WHOSE,43634263
STONE,42494931
BUYER,42024703
LABEL,41359857
CANON,41144763
WASTE,41089558
CHAIR,40764005
PHASE,40722940
MOTOR,40615655
SHIRT,40501964
CRIME,40361756
COUNT,40345803
CLAIM,40085342
PATCH,39999745
ALONE,39326417
SAINT,38929141
JOINT,38827057
FRESH,38781893
UPPER,38341510
PRIME,38308402
LIMIT,38290292
BEGAN,38269468
CREEK,38159464
URBAN,38087999
LABOR,37866418
ADMIN,37835381
HEAVY,37668153
SOLID,37426444
THEME,37219937
TOUCH,36831035
SERVE,36697856
MAGIC,36676771
MOUNT,36648260
SMART,36636558
AVOID,36508203
BIRTH,36286070
VIRUS,36286003
ABUSE,36269685
FAITH,35936559
CHAIN,35928367
REACH,35687918
SORRY,35595812
GAMMA,35426622
TRUTH,35345925
DRAFT,35033621
CHART,35027490
EQUAL,34832354
FUNNY,34281806
TRIED,34201786
HARRY,33867934
MOUSE,33667003
BRAIN,33612784
DREAM,33518573
FALSE,33476460
CARRY,33056477
HELLO,32960381
BRIEF,32599674
EIGHT,32567724
ALERT,32472727
QUEEN,32366847
SWEET,32311923
TRUCK,32136249
OCEAN,31928741
DEPTH,31879926
TRAIN,31816971
ROUTE,31439231
FRANK,31392284
ANIME,31334688
SPEAK,31324712
QUERY,31284313
RURAL,30998929
JUDGE,30905832
FIGHT,30784313
MINOR,29782623
SPENT,29719451
CYCLE,29585286
SLEEP,29491537
SCENE,29372413
DRINK,29254937
GUESS,28743465
AHEAD,28375319
DELTA,28051872
ALPHA,27832836
BONUS,27819488
ADOBE,27538755
DRESS,27318959
REFER,27099706
LAYER,26912270
SPEND,26713310
CLOCK,26624872
RATIO,26457942
PROOF,26305059
EMPTY,26206017
IDEAL,26036289
CREAM,25898758
AWARE,25700328
SHAPE,25675227
USAGE,25440406
EXIST,25349128
WHEEL,25342937
ANGEL,25294123
WIDTH,25182453
NOISE,25171520
ARRAY,25150016
SHARP,24904199
OCCUR,24679212
COACH,24514961
PLATE,24275560
LOGIC,23989892
PLAIN,23747230
TRAIL,23648838
BUDDY,23611087
SETUP,23534848
SCOPE,23349420
CRAZY,23032837
MOUTH,22880351
METER,22874915
FRUIT,22767191
SUGAR,22450333
STICK,22399126
GENRE,22344091
SLIDE,22339084
EXACT,22304937
BOUND,22303643
STORM,22242164
MICRO,22219932
PAINT,21926890
DELAY,21911190
PILOT,21909830
NOVEL,21821189
ULTRA,21795075
TRULY,21693553
LODGE,21541130
BROAD,21370126
GUARD,21137924
NEWLY,21102330
RAISE,21099943
DRAMA,20939845
LUNCH,20807419
AUDIT,20786243
TOWER,20686918
SHELL,20599318
SOLAR,20423792
CATCH,20400979
DOUBT,20311261
FORTH,20149609
SPLIT,19998411
TWICE,19945569
SHIFT,19811555
TREAT,19442315
PIANO,19419956
TEACH,19079783
RAPID,19070672
HAIRY,19060619
DUTCH,19000979
PULSE,18893735
METRO,18738665
STRIP,18711440
PEARL,18707334
OPERA,18225169
ASSET,18178753
BLANK,18150537
HUMOR,18085495
TIGHT,17981854
MEANT,17832930
PLANE,17799728
GRACE,17642126
VILLA,17587586
INNER,17552078
TASTE,17311343
CACHE,17250923
LEASE,17180592
PROUD,17167504
GIANT,17098874
ALARM,17059844
USUAL,17044981
ANGLE,17016075
VINYL,17009819
WORST,16975343
HONOR,16787246
EAGLE,16785232
NURSE,16772151
QUIET,16746894
COMIC,16695850
CROWN,16651038
MAKER,16635947
CRACK,16633701
SMOKE,16567733
CRAFT,16528294
APART,16507181
BLIND,16485480
GROSS,16440590
ACTOR,16282891
FIFTH,16255266
PRIZE,16204739
DIRTY,16101662
ALIVE,16064787
PROVE,16046788
RIDGE,15993437
MODEM,15984492
SKILL,15835076
THROW,15751985
TREND,15747018
WORSE,15677739
FIBER,15530318
GRAPH,15526746
FRAUD,15378751
ROGER,15353411
CRASH,15302627
INTER,15269346
GROVE,15189493
SPRAY,15148133
MAYOR,15030847
YIELD,15022494
HENCE,14992334
RADAR,14982375
DIARY,14922472
BAKER,14862470
SHOCK,14850388
EBONY,14831025
DRAWN,14827380
BEAST,14787561
DODGE,14768509
PIZZA,14763787
GLOBE,14554904
GHOST,14490042
PRIDE,14428078
BRASS,14298573
PLAZA,14274314
QUEST,14258533
BOOTY,14218854
VENUE,14204074
VITAL,14166642
EXCEL,14133468
ENEMY,14084182
LUCKY,14053901
THICK,14030556
VISTA,13991160
FLOOD,13979267
ARENA,13966572
GROWN,13931521
SMILE,13893537
CANDY,13772033
TIGER,13763074
BOOST,13675076
MORAL,13643598
POUND,13620117
BREAD,13575360
TOUGH,13560922
CHEST,13516414
BILLY,13515249
SOLVE,13452150
SIGHT,13360499
WORRY,13243591
GLORY,13158826
FAULT,13112664
RUGBY,12992179
FLUID,12943336
DEVIL,12869511
GRASS,12868953
MANGA,12774174
THEFT,12744763
SWING,12734467
SHOOT,12695618
ELITE,12673836
ROBOT,12656312
GNOME,12609820
NOBLE,12604679
SHORE,12568485
LOOSE,12556710
HORNY,12363955
RALPH,12190683
LIVER,12139363
DECOR,12098868
AGING,12014007
INTRO,11938092
CLERK,11923960
FAVOR,11867822
SIGMA,11864409
ASIDE,11768649
ESSAY,11750312
TRACE,11697252
SPOKE,11577917
ARROW,11563142
ROUGH,11557184
WEIRD,11556427
BLADE,11527988
ROBIN,11423944
STRAP,11414669
CROWD,11409218
CLOUD,11337220
VALVE,11325360
KNIFE,11297715
SHELF,11287023
ADOPT,11272339
OUTER,11245167
STEAM,11141309
ACUTE,11128841
STOOD,11116275
CAROL,11109404
STACK,11090579
CURVE,11071177
AMBER,11065507
TRUNK,11020361
CAMEL,11005001
JUICE,10973425
CHASE,10971945
SAUCE,10968629
FEWER,10792786
PROXY,10773043
HAVEN,10569212
CHARM,10554644
BASIN,10544774
RANCH,10539650
DRUNK,10519219
ALIEN,10490554
BROKE,10460811
NYLON,10410171
ROCKY,10404321
FLEET,10364423
BUNCH,10355431
OMEGA,10289113
CIVIC,10283668
GRILL,10254124
GRAIN,10244623
SALON,10079006
TURBO,10058686
RESET,10021033
BRUSH,10018684
SPARE,10009522
SKIRT,9981485
HONEY,9978043
GAUGE,9952466
SIXTH,9920054
CHEAT,9903572
SANDY,9897487
MACRO,9885853
LAUGH,9822471
PITCH,9800556
DOZEN,9776227
TEETH,9769437
CLOTH,9764137
STAMP,9760468
CARGO,9748668
MAPLE,9704551
DEPOT,9688338
BLEND,9680982
PROBE,9643801
DEBUG,9581095
CHUCK,9574825
BINGO,9539002
SUNNY,9497382
CEDAR,9484993
MASON,9461838
CHOSE,9409845
BLAST,9387171
BRAKE,9321885
OLIVE,9298184
CYBER,9289150
CLONE,9284578
RELAY,9275052
ANGRY,9267505
LOVER,9234545
DADDY,9211193
FERRY,9208954
MOTEL,9170238
RALLY,9155530
DYING,9123557
STUCK,9120620
VOCAL,9082826
ORGAN,9077449
LEMON,9066930
TOXIC,9065369
BENCH,8992211
RIDER,8987802
BOBBY,8964342
SHEEP,8962638
SALAD,8923706
PASTE,8913055
RELAX,8856944
SWORD,8835685
CORAL,8818272
PIXEL,8813200
FLOAT,8808655
DAIRY,8781961
ADMIT,8780656
FANCY,8777135
SQUAD,8744772
CHAOS,8690268
WHEAT,8685589
UNITY,8657709
BRIDE,8650665
BEGUN,8636352
FEVER,8582665
ROVER,8537021
FLAME,8527495
SPELL,8506049
ANNEX,8465905
ARGUE,8353605
ARISE,8337093
CHESS,8293823
CANAL,8278196
LYING,8260845
DRILL,8248787
HOBBY,8237250
TRICK,8208473
WIDER,8186703
SCREW,8177263
BLAME,8170544
FIFTY,8133138
UNCLE,8127694
RANDY,8110369
BRICK,8094369
NAVAL,8091649
CABIN,8052267
RETRO,8000179
ANGER,7991036
HANDY,7936655
GUILD,7923630
TRIBE,7890695
BATCH,7835050
ALTER,7831337
AMEND,7806844
CHICK,7771502
THONG,7747699
MEDAL,7747036
BOOTH,7723310
BREED,7716901
POLAR,7715471
PATIO,7627536
SNAKE,7606395
BERRY,7551906
OUGHT,7523238
TIMER,7488669
VERSE,7469512
NASTY,7434847
TUMOR,7430480
FORTY,7415064
QUEUE,7398569
WELSH,7346867
BELLY,7346354
ELDER,7299470
SONIC,7298920
THUMB,7284386
TWIST,7240854
DEBUT,7220643
PENNY,7162062
IVORY,7146685
NEWER,7122879
SPICE,7120274
DONOR,7096675
TRASH,7092806
MANOR,7084688
DISCO,7067687
MINUS,7025364
SHADE,6996835
DIGIT,6991045
LYRIC,6970278
GRAVE,6929008
LOBBY,6887477
PUNCH,6872844
KARMA,6862407
SHAKE,6839319
HOLLY,6834032
SILLY,6833654
MERCY,6831149
FENCE,6796605
SHAME,6785296
FATAL,6779744
FLESH,6768724
SHEER,6684477
WITCH,6671560
PUPPY,6662287
SMELL,6642666
SATIN,6620674
NERVE,6567418
RENEW,6561081
REBEL,6527810
SLOPE,6469975
REHAB,6460331
MERIT,6450895
CONDO,6444848
FAIRY,6435300
SHAFT,6431372
KITTY,6414935
DRAIN,6411642
PANIC,6396440
ONION,6384730
MERRY,6367037
SCUBA,6366349
DRIED,6331606
DERBY,6319608
STEAL,6257493
ALIKE,6220739
SCOUT,6176157
DEALT,6174968
BADGE,6145138
WRIST,6143580
HEATH,6139151
REALM,6122762
ROUGE,6084449
YEAST,6083904
BROOK,6044943
ARMOR,6001844
VIRAL,5969493
LADEN,5964620
MERGE,5961585
SPERM,5944531
FROST,5940685
SALLY,5933047
YACHT,5932756
WHALE,5928569
SHARK,5904454
CLIFF,5898886
TRACT,5897046
SHINE,5881862
OZONE,5865280
PASTA,5855460
SERUM,5854942
SWIFT,5850031
INBOX,5845223
FOCAL,5844761
WOUND,5820050
BELLE,5820002
CUBIC,5774261
ELECT,5748899
BUNNY,5730050
FLYER,5718564
CLIMB,5697476
TOKEN,5672353
FLUSH,5625285
JEWEL,5603871
TEDDY,5602073
DRYER,5592001
FUNKY,5587279
SCARY,5571680
TOOTH,5551049
DROVE,5545848
UPSET,5544484
LANCE,5509634
COLON,5494297
PURSE,5488891
ALIGN,5478643
BLESS,5477461
CREST,5477034
ALLOY,5468839
BLOOM,5456938
SURGE,5436623
SPANK,5416004
VAULT,5408483
ORBIT,5389062
BACON,5385205
SPINE,5370074
TROUT,5369048
FATTY,5363547
OXIDE,5321340
BADLY,5290145
SCOOP,5272369
BLINK,5257629
FUZZY,5241931
FORGE,5226805
DENSE,5225392
BRAVE,5221356
AWFUL,5217370
WAGON,5198530
KNOCK,5196013
QUILT,5187075
MAMBO,5164902
FLOUR,5162842
CHOIR,5156247
BLOND,5155053
BURST,5147573
DAISY,5124326
CRUDE,5119129
SAFER,5085040
MARSH,5073104
THETA,5070673
STAKE,5061965
ARBOR,5057261
RIFLE,5047417
WAIST,5013500
SEWER,5008805
RESIN,4966700
LINEN,4960413
DECAY,4956622
USHER,4948609
SKATE,4932092
VOTER,4905374
URINE,4903932
TOWEL,4901668
CRANE,4888961
HABIT,4880657
COUPE,4874541
SIXTY,4851534
SPARK,4842423
SPIKE,4833410
TONGA,4813052
SEDAN,4769270
FLORA,4756211
HARDY,4748572
DENIM,4737554
GLOVE,4714578
PLUSH,4692870
ADAPT,4675567
STERN,4643592
TUTOR,4635949
IDIOT,4635830
DEBIT,4633794
RAVEN,4630541
SLICE,4628779
PAUSE,4606318
DEMON,4602331
COUCH,4581367
ROGUE,4576302
OPTIC,4558869
CHILI,4553187
GRIEF,4552843
SWEAT,4551615
QUAKE,4544481
ALLEY,4541475
LOYAL,4498834
RENAL,4494106
SPITE,4493143
IMPLY,4491299
CHILL,4489643
LINER,4486145
VIVID,4479514
SKULL,4457991
NINJA,4439780
STEAK,4413680
COBRA,4412823
THREW,4410853
NINTH,4390562
MARRY,4388137
DRAKE,4373046
FRIED,4364192
WOODY,4355633
CRIED,4352198
RIVAL,4298220
HOMER,4281428
WOVEN,4248524
RIGID,4240019
SALSA,4234056
BLOWN,4229918
BATON,4229776
ABBEY,4224864
SAUNA,4202256
CRUEL,4180956
EAGER,4175668
PUPIL,4167137
FEAST,4166016
ANKLE,4146793
BLUNT,4129800
REACT,4126376
FLUTE,4090740
HARSH,4087715
CEASE,4081957
EQUIP,4044391
HEDGE,4041429
CURRY,4029540
POUCH,4023912
SPOON,4000406
NICHE,3999108
CIGAR,3993843
CURSE,3982181
TITAN,3974407
SHOUT,3965861
STRAW,3958211
REUSE,3950428
PEACH,3938068
UNCUT,3929056
STOVE,3914849
FREAK,3908219
BLUFF,3906671
SADLY,3905175
AVAIL,3902711
HATCH,3896261
STEIN,3893544
SPILL,3890646
DRIFT,3889505
CRISP,3880385
ONSET,3858839
ASSAY,3855224
SNACK,3847152
MAXIM,3820484
SLATE,3813904
PAGAN,3805644
WIDOW,3804620
CANOE,3790795
JUICY,3778910
MOODY,3776452
PEDAL,3763705
SCRAP,3757085
TERRA,3747696
VAPOR,3744912
ALOUD,3743858
GOOSE,3739382
HYDRO,3725464
NOISY,3722908
ABIDE,3722809
BLISS,3708978
PARSE,3698919
JELLY,3698541
MANIA,3688699
CHEER,3648929
CLAMP,3639509
GRAPE,3638159
RACER,3625077
GUILT,3623942
SWEEP,3623863
LUNAR,3611744
BOXER,3592432
WEIGH,3587993
RODEO,3587192
MOOSE,3581329
CRUSH,3576348
LEVER,3566558
TASTY,3565676
TAROT,3561389
COCOA,3557169
HURRY,3536968
CLASH,3531117
STAIN,3512824
REIGN,3505605
BARON,3504549
STIFF,3492842
RABBI,3488700
SUSHI,3488691
PUFFY,3488647
ELBOW,3484326
STARK,3479265
CIRCA,3475462
RAZOR,3451657
COUGH,3451640
INLET,3433125
GLOSS,3426618
PORCH,3420626
EATEN,3412832
STEEP,3399504
CREED,3398609
CARAT,3398374
PLUMP,3386553
MIDST,3381410
BORNE,3379421
TEMPO,3372997
TORCH,3360286
ATTIC,3347389
PIPER,3346631
TENTH,3317039
CUTIE,3305791
NOTCH,3302495
SCENT,3277212
GRASP,3270025
OUNCE,3268355
TOAST,3262695
KINKY,3254161
QUOTA,3245515
JUMBO,3237095
FLINT,3230800
DUMMY,3230609
AWAKE,3230337
BURNT,3221640
ROAST,3205415
PETTY,3195594
SHINY,3192674
SMASH,3192001
AMPLE,3187842
SCARF,3181107
SPICY,3170817
BEARD,3166516
WEDGE,3162851
HYPER,3153749
GAMER,3144985
SAVVY,3140230
FETAL,3127968
CHORD,3123447
COMET,3116034
SYRUP,3108136
ERASE,3086642
PROSE,3085898
SWEAR,3082372
CLOWN,3081501
TABOO,3079923
DWARF,3072068
DOUGH,3032657
STOOL,3031945
WELCH,3031408
HORDE,3026646
NANNY,3025474
ROACH,3017586
NATAL,3010028
LOCUS,3009222
PRONE,3001079
SCARE,2972708
THIEF,2970770
MOTIF,2961524
SPEAR,2942538
BIRCH,2936180
SLASH,2935535
HELIX,2921411
SHOOK,2917411
ZEBRA,2902469
FETCH,2897593
UNITE,2888724
SHEAR,2886210
TRUMP,2879094
AVIAN,2877167
CHAMP,2867858
RECAP,2861982
CRAWL,2859784
HAZEL,2841268
RUPEE,2831536
STOLE,2814273
QUASI,2804115
EXILE,2801261
KAPPA,2793667
SNOOP,2787168
VAGUE,2783775
RUSTY,2780895
STING,2773263
BRAVO,2772503
BASIL,2757419
SHACK,2739743
SLEEK,2734565
HITCH,2730000
TANGO,2727306
QUEER,2717979
COMMA,2711522
FREED,2683280
CHEEK,2681029
BOWEL,2666510
MAFIA,2666020
SHIRE,2665081
LIPID,2662396
PRISM,2648058
VEGAN,2642418
GROOM,2637912
KAYAK,2628993
ALTAR,2627835
RISEN,2619862
RHINO,2619135
RULER,2615554
SWEPT,2612095
TROOP,2609404
AROSE,2609029
FLOCK,2585098
SHAVE,2580057
SWAMP,2575587
FAINT,2565744
GLAND,2561362
STOKE,2552684
NASAL,2536094
LOSER,2529180
JOLLY,2522092
FEMME,2521124
SIEGE,2518421
BUTTE,2505600
CHALK,2498505
WRATH,2486700
GRIND,2482307
BLITZ,2476009
RAINY,2469088
VIOLA,2458792
RUMOR,2455494
DIVER,2452406
BLAZE,2448412
WRECK,2447935
RISKY,2412508
TULIP,2406691
OWING,2399321
DITCH,2373753
SLICK,2372634
CHUNK,2371231
SLEPT,2370802
TENOR,2361385
SCRUB,2360299
CELLO,2358848
TOPAZ,2348935
DUSTY,2339959
PATTY,2339693
CRATE,2336818
SWORN,2332355
BEECH,2327119
TENSE,2320926
DECAL,2311933
FRITZ,2309089
MOVER,2309084
FAUNA,2298940
DETOX,2297343
QUARK,2286617
SNEAK,2280877
OCTET,2280607
WILLY,2273954
TIDAL,2268649
CRUST,2267452
DOLLY,2266400
MINER,2264812
DINER,2261961
MOUND,2259654
SCION,2245350
REGAL,2236787
CURLY,2231026
HOUND,2228633
WHARF,2226856
FLICK,2226500
DATUM,2226219
MAIZE,2222076
PSALM,2220027
SWELL,2213445
IRONY,2212193
VIPER,2201559
GYPSY,2201227
FLARE,2190533
WIGHT,2190271
CRANK,2185208
BRACE,2182960
MANGO,2171900
THIGH,2171107
WINDY,2162674
STEER,2159937
VOGUE,2159792
VODKA,2155662
MOIST,2140516
STALL,2114252
SERIF,2109334
UTTER,2096533
CATER,2092828
PINCH,2082769
TROLL,2079165
FILTH,2077997
ALGAE,2068644
SHADY,2059463
ERECT,2057313
VALET,2052690
MADAM,2023575
TEASE,2019275
AROMA,2018777
DWELL,2014411
STAIR,2012524
ROTOR,2003039
QUART,2002127
BISON,2002028
FUNGI,2000715
GREED,1997460
BLEED,1989071
INCUR,1984112
FUDGE,1969555
WEAVE,1965230
BUGGY,1955438
SLACK,1954286
GORGE,1950264
BANJO,1940675
STOUT,1939514
STARE,1925618
MISSY,1925451
FLAIR,1924190
AISLE,1917319
SEIZE,1908868
SPAWN,1908837
EPOXY,1908076
STONY,1907651
CRYPT,1904607
TYING,1898217
DIODE,1897828
MOTTO,1894147
DETER,1887521
FURRY,1887389
RINSE,1885846
VENOM,1883158
MUMMY,1878933
ETHER,1877315
HAUTE,1863024
WACKY,1861879
MUDDY,1860188
SHALT,1854326
VISOR,1850201
NAIVE,1848489
FOLIO,1842202
FIERY,1838655
ACORN,1825652
BASAL,1821739
SMOKY,1818184
FLIRT,1817719
SLANG,1817718
FINCH,1816047
TALLY,1812605
CREEP,1811981
AGILE,1808955
KIOSK,1808146
IONIC,1808092
STRAY,1807545
POPPY,1805254
FORTE,1795408
WAIVE,1789027
GREET,1784219
LYMPH,1781845
LATCH,1777882
DRANK,1777243
TORSO,1769562
HINGE,1758893
STUNT,1754828
WITTY,1753886
FLOWN,1749635
SILKY,1749406
REPAY,1746487
AWAIT,1745587
FETUS,1744267
CIDER,1743446
LILAC,1738684
PIVOT,1734444
GLIDE,1731344
CREME,1724183
WALTZ,1723021
BLUSH,1722003
MODAL,1718570
CADET,1717624
TWEAK,1705761
TRAIT,1705417
EATER,1702828
BEZEL,1692595
HAVOC,1692191
SLING,1688770
AXIAL,1685087
EPOCH,1680235
PLAID,1679093
FABLE,1678751
OBESE,1673406
SOBER,1672710
TREAD,1672572
PADDY,1668962
OTTER,1662335
SASSY,1657970
DREAD,1649823
NEEDY,1636137
WEARY,1632945
TWEED,1631867
SNOWY,1631719
GENIE,1627726
APRON,1617357
HUSKY,1606901
BLAND,1606490
ADEPT,1595303
ESTER,1581770
SNAIL,1580640
MOWER,1579636
SWINE,1578713
HERON,1576813
GRAFT,1576259
ENVOY,1574245
ABORT,1569892
DUVET,1567578
SPADE,1567565
GLARE,1567097
WAFER,1554217
STASH,1553737
SEMEN,1553302
HOVER,1553261
AGONY,1543205
LUPUS,1538621
BULLY,1532418
RHYME,1530733
SNORT,1522943
TRIAD,1519533
CAMEO,1517437
LEACH,1516929
FANNY,1516099
MILKY,1515925
NAVEL,1503077
SPOOL,1499516
ANNOY,1497815
TOXIN,1495922
AXIOM,1495473
JOKER,1492319
BRINK,1484879
TRUSS,1484384
KHAKI,1481504
PENAL,1467202
LAPSE,1459542
SHRUB,1458217
FINER,1455912
SMACK,1451860
CLOAK,1450056
MANIC,1448525
CHOKE,1448146
GRAVY,1441099
PAYER,1439009
GLAZE,1431525
DIZZY,1424316
VERGE,1422550
NOMAD,1422041
THORN,1421673
SPOIL,1419320
SISSY,1410911
PALSY,1409502
BAYOU,1397958
TONIC,1393402
DITTO,1386002
ODDLY,1385252
UNDUE,1377567
CHANT,1374428
HUTCH,1373107
PARRY,1371591
MAMMA,1368416
FOLLY,1367992
MURAL,1367338
WAGER,1366964
PURGE,1366135
POSER,1361002
PERKY,1360009
STUMP,1357079
SCALP,1356840
MELON,1355214
SIREN,1354779
CLASP,1354393
SONAR,1341822
ULCER,1336605
ETHIC,1333320
OPIUM,1330299
ENEMA,1329511
BARGE,1319916
SLANT,1313083
BROOM,1312361
SNARE,1311615
SHANK,1311484
LEASH,1310125
GEESE,1299115
MECCA,1298392
BROTH,1297117
TAPER,1294069
REVUE,1290094
SMEAR,1289528
SLAIN,1281084
QUAIL,1278967
ICING,1277602
STRUT,1271153
PLUME,1269109
PLANK,1265284
ENACT,1263603
DEITY,1262430
MANLY,1260481
PERIL,1258951
SWIRL,1251090
ABODE,1246541
SAVOY,1246516
COMFY,1245404
POLKA,1242601
NICER,1239249
BOAST,1239080
PERCH,1235177
ANGST,1232364
GECKO,1230211
FACET,1221287
VERVE,1218256
SPREE,1218040
EMBED,1217930
BRUTE,1216912
BUTCH,1213820
DEFER,1207925
CRAVE,1199466
SALTY,1196416
VALOR,1193133
GOOFY,1187234
MIMIC,1187154
VIGIL,1183443
ITCHY,1181967
BULKY,1181562
BOOZE,1178694
WIDEN,1178278
ADORE,1176240
FLUKE,1168887
STOMP,1168038
GLADE,1168016
CASTE,1166877
DRUID,1160196
SWARM,1158175
LEDGE,1157598
DROWN,1156106
ABYSS,1152408
NIECE,1151039
FLASK,1150132
HIPPO,1146063
PLEAD,1125870
SHEEN,1124463
MEDIC,1122716
GRAIL,1122474
LAPEL,1119712
PECAN,1118027
CHIME,1115076
REMIT,1111713
EXERT,1109622
PINTO,1108872
LUCID,1105349
INFER,1104540
DANDY,1098188
SYNOD,1095269
LOUSY,1095083
CADDY,1094377
BLEAK,1088632
TRAMP,1087707
LATHE,1073261
BYLAW,1070798
CROOK,1067661
STALE,1065657
PUTTY,1065017
PATSY,1064602
HASTE,1059853
PRONG,1059042
BERTH,1056010
LINGO,1055245
PIGGY,1053871
LAGER,1050146
FOYER,1042532
BROOD,1042305
AZURE,1042257
SNIFF,1041321
POSSE,1038358
PIXIE,1037554
UNSET,1035406
MELEE,1034523
LLAMA,1033922
VOWEL,1033509
FECAL,1032064
HUMID,1026485
GUILE,1026260
LOFTY,1018661
MORON,1017416
DOGMA,1016614
WINCH,1016374
UNZIP,1014009
FLOSS,1013783
SHAWL,1011728
PENCE,1009358
THYME,1007823
OVARY,1003163
ABBOT,992552
MAGMA,992528
ARSON,989351
GEEKY,987806
HAUNT,985188
BRAID,981945
LEFTY,978333
VIGOR,977544
DEUCE,970434
RISER,969986
KNOLL,965905
INLAY,965778
CRAZE,962477
TOTEM,955271
CARVE,952422
APNEA,950562
SWISH,949054
RELIC,947341
ETHOS,946491
CLING,946281
NUDGE,942601
SKUNK,937406
ANVIL,936808
STALK,936028
INERT,935898
EJECT,935010
RAYON,934490
MOCHA,933522
SQUAT,925062
PUBIC,923627
TIARA,923335
KOALA,922217
CROCK,918524
RETRY,916420
PRIMO,912120
FLANK,910609
ATOLL,908471
SPOOF,907481
SPOUT,905624
HEFTY,905281
HOIST,905107
AGATE,900451
SWAMI,900023
FERAL,897865
TRUCE,897431
PETAL,895903
PLUCK,891481
PRICK,891337
ASCOT,888745
VIXEN,885674
BULGE,881613
SLUMP,878659
GLOOM,878018
STINK,872742
OVERT,871540
SLIME,869502
SWUNG,867135
LIBEL,866830
SKIER,863046
SNUFF,861230
TALON,858061
STINT,855795
SIEVE,851108
BINGE,850412
JAZZY,849457
LIMBO,847468
SHOVE,847364
FLAKE,847014
WISER,841127
FLUNG,838045
JUROR,837876
DONUT,836168
TENET,834143
CHUTE,834005
MULCH,833160
WHINE,832743
VICAR,825292
PRANK,825027
SUING,816011
BRINE,816003
FLUFF,814535
UNFIT,814145
ROUSE,812361
SPIEL,811922
SCAMP,810996
EVOKE,804417
GULLY,800734
MACHO,797523
BAGEL,792721
AMAZE,791672
EASEL,791426
QUILL,790160
VERSO,788583
CLEFT,787981
GROIN,784476
LATTE,783412
MOURN,779010
GIRLY,778626
BLURB,776249
ERODE,774411
BRISK,774000
EERIE,772484
SHALE,769742
ANODE,768949
CREPE,768351
AVERT,767435
GUISE,767344
VOMIT,767124
BONGO,767108
SHAKY,766843
BLOKE,766763
PHONY,765758
JETTY,765224
RERUN,763880
JERKY,763325
MORPH,759670
SPECK,757962
PAPAL,754586
MOGUL,753098
DROIT,750988
FROWN,742356
PRIVY,742055
SEPIA,741438
GOODY,733518
STORK,728360
TUNIC,727598
FARCE,727546
HOWDY,726642
WHACK,725891
DRONE,725818
GODLY,725475
SPIRE,725421
STEAD,724786
SHRUG,720506
COVEY,720367
WINCE,717079
BOSOM,712863
PICKY,711200
LUMEN,710305
TONAL,707113
FOGGY,704386
SHONE,704369
LEAFY,704018
TROVE,702353
FILER,702264
LUSTY,702157
STEED,701658
HASTY,700024
MUNCH,699127
CLOVE,698870
LEECH,698609
GIVER,698546
NYMPH,697326
FRAIL,696174
CHURN,694218
AWOKE,688520
PARKA,688453
PRUNE,688443
CAIRN,688283
NUTTY,686428
SEVER,686306
FLING,682999
DRIER,679179
CRUMB,673404
PINKY,672775
GRATE,672155
FIEND,670385
PIQUE,664313
SWORE,663914
FISHY,658490
FILMY,657205
TIMID,657204
LEAKY,650957
MOLAR,650262
GULCH,647573
BRIBE,646492
AORTA,641057
DELVE,640909
CRIMP,640746
CLOUT,639706
FELLA,639391
GLYPH,632257
PLUMB,631703
UNIFY,631185
BRIAR,630788
JUNTA,629394
GROUT,628986
TAKER,625940
SCORN,622924
WHIRL,622629
TIBIA,620778
PESKY,619402
KNACK,616898
RIVET,616847
GRUNT,616546
RABID,612676
CUMIN,612220
PAYEE,611882
HIPPY,608617
ROOST,608008
EVADE,605626
SHUNT,604152
TAWNY,602308
MUCUS,600467
APTLY,598371
LIEGE,598284
SHEIK,596893
PIETY,595389
FROZE,594804
TACIT,594255
WHISK,591308
UNMET,590631
MAUVE,589931
SPORE,589081
CREPT,588735
BUGLE,583867
RADII,575939
ROOMY,574188
LASSO,573529
BEVEL,571985
DODGY,571643
BRAWL,567755
TUBAL,566730
CHORE,565322
OCTAL,557500
GAUZE,556178
AMUSE,554922
FIXER,554896
IDIOM,554390
TRAWL,553588
GAMUT,553397
FILET,550472
LORRY,549887
SAUTE,546457
REVEL,546018
MADLY,545418
GRIPE,545043
LOWLY,543486
SCANT,543285
FLIER,542812
AMITY,540428
DROOL,539170
ZONAL,536783
FREER,534734
MURKY,532036
CABAL,531622
CYNIC,525906
PESTO,521625
BOUGH,520067
SLOTH,519428
TACKY,519106
CHASM,517410
MASSE,515818
DECOY,514956
GRIME,514156
RIGOR,513599
GUSTO,512932
DWELT,512083
HILLY,511265
PRAWN,510828
ROWDY,510507
TORUS,509986
CHOCK,508651
CURIO,506765
VOILA,506278
SAVOR,506115
TABBY,504455
GOURD,502106
FORAY,499808
FILLY,499537
ALOFT,497342
SLURP,495920
BATHE,494252
GIRTH,492919
BRUNT,489270
EMBER,488846
ISLET,488105
CAPER,485193
QUACK,484886
DRAPE,484861
GIDDY,483433
BROIL,479526
CACTI,478989
JIFFY,475865
SAUCY,474568
ASKEW,473664
GROAN,473578
ABATE,470646
MOSSY,470059
HATER,467834
EXPEL,467751
SWOOP,467481
GUMBO,467464
ADORN,464591
LARVA,462298
GROWL,461820
BRASH,461753
CHARD,459373
SULLY,458846
INEPT,458533
THUMP,456603
SALVO,454555
FLECK,454043
ALIBI,448710
CREDO,446499
FEMUR,446209
BUSHY,445882
GOLEM,444797
AFFIX,444121
QUIRK,444069
FLAKY,442666
REPEL,439316
PUREE,438733
SWATH,438339
HAREM,435962
FUSSY,435961
SHOAL,435185
HEADY,434375
HOARD,433375
SPELT,431427
NERDY,431324
KNELT,429464
CINCH,427247
SCRUM,425870
SNIPE,425778
SALVE,423303
FRIAR,422181
PYGMY,421975
PANSY,420775
DINGO,420174
BAGGY,419677
HEIST,419629
WIELD,419233
ADAGE,419158
BUDGE,418361
KNEEL,417602
BATTY,416010
TWINE,415457
AGAPE,414471
BILGE,412304
SCOUR,411478
LEAPT,411241
TAFFY,411033
BONEY,409772
BITTY,409188
FLACK,408860
CRASS,408565
RUMBA,404980
SPUNK,404915
STUNG,404657
SMIRK,403780
CRAMP,402123
FUGUE,400733
PENNE,400010
BLEEP,397961
IGLOO,397625
ALLOT,396325
MEATY,395095
EGRET,394773
PINEY,394672
FELON,392714
SPASM,391339
DUSKY,390563
SLUSH,389608
VOUCH,388963
GIPSY,387772
RUDDY,387590
FJORD,387543
DIRGE,384505
EDICT,382916
SHREW,382770
MIRTH,381439
BOOBY,379438
CONCH,379190
CORNY,378659
NOOSE,378201
RECUR,378119
TAINT,375008
CRIER,374599
BESET,373969
RAMEN,373754
LADLE,372653
SURLY,372213
CLEAT,371970
BEEFY,366863
SPINY,366114
CLUNG,365864
GRAZE,364990
AFOOT,364417
WOKEN,364304
HOTLY,364264
STAVE,363443
CRICK,362258
STOOP,360440
CURVY,360365
TITHE,359291
IDLER,358013
GLEAM,356949
TAMER,355602
TRICE,354532
NADIR,353146
GAVEL,352668
SPLAT,350981
VYING,348440
POOCH,348386
ENSUE,347067
SLIMY,346686
CLUMP,345355
TILDE,344748
PROWL,343421
DIMLY,342692
HYMEN,341598
FORGO,340426
POISE,339263
DUCHY,339003
ETUDE,338721
GAUNT,338487
SUAVE,336960
TULLE,336799
GOOEY,335656
TANGY,333638
ARTSY,333481
WHOOP,331753
CACAO,331714
SOGGY,331525
BERET,330199
GOLLY,329846
CRUMP,328553
MINCE,328039
HUNCH,327195
SPURT,325911
UMBRA,321800
AMPLY,321480
INANE,319343
SPOOK,318653
OLDEN,318215
REEDY,316918
WREAK,316442
BLOAT,315923
MIDGE,308737
SLEET,305148
SOAPY,303519
TARDY,303140
SMELT,301053
YEARN,300957
ERUPT,300083
LUMPY,296904
HEAVE,296454
RARER,296244
COVEN,295821
ELEGY,295636
SLOOP,295505
TAUNT,295148
APHID,295138
MYRRH,294893
CHAFF,294863
SHOWY,294798
EMCEE,294621
SPIED,294373
ALOOF,294291
SNORE,294125
QUELL,292803
POSIT,292597
DOWNY,288639
LEMUR,287912
TERSE,287692
UTILE,287546
TRITE,287494
SHARD,287428
DOWEL,285802
SEEDY,284954
QUOTH,282770
DITTY,281979
SKIFF,281833
GUMMY,281705
REBAR,281535
HUNKY,279599
TIPSY,279464
CRESS,279364
FICUS,278867
FROTH,278469
SMOTE,276278
AXION,276049
MUSHY,275321
DOWRY,275011
SNUCK,274495
AWASH,274221
ABACK,272920
SCALY,272847
GLINT,272373
STOIC,272080
AMISS,271389
LIVID,270785
SMITE,270393
CHUMP,270215
HYENA,268889
PLEAT,266830
SWASH,265955
CLANK,265523
BLIMP,263458
LOOPY,263368
MACAW,261749
PLIER,260940
BANAL,260129
GUAVA,259541
WIMPY,258895
SNOUT,258314
BIGOT,258267
WOOLY,256170
IRATE,256072
PUSHY,255990
DINGY,255349
TRUER,254461
SLUNG,253265
BURLY,250632
MANGE,250483
GAUDY,248813
SWOON,248694
KEBAB,248067
GHOUL,247064
CLACK,246726
WHIFF,246582
CAULK,245944
TUBER,243798
PLIED,243191
TWANG,243118
OMBRE,243069
GOUGE,240551
CHIRP,240510
HALVE,240290
ROWER,239796
AUNTY,239524
SNIDE,238032
GRUFF,237505
BUXOM,237464
MUSTY,237343
KNEAD,235592
REBUT,235254
SEGUE,234120
TWIRL,234072
INGOT,234052
GUPPY,233792
GLEAN,232952
PASTY,231237
CRONE,229759
REBUS,227042
FOAMY,226531
LURID,226354
WHINY,225341
MISER,222219
TEPID,220695
SMOCK,220361
SOOTY,220245
COVET,219812
MINTY,218953
WAVER,217064
CONIC,216832
SAPPY,216405
ELUDE,215496
TRIPE,215448
SPILT,214786
SHYLY,213165
SCONE,213031
THROB,212889
EVICT,211591
NEIGH,211412
BALMY,210906
ZESTY,210124
CANNY,209480
KRILL,208654
MOLDY,208515
TRYST,205722
LURCH,204983
QUASH,204823
SNEER,203583
ALLAY,203474
DECRY,203238
GUSTY,202515
LEPER,200592
LUNGE,199129
POLYP,197981
REFIT,197564
SLINK,196197
DROLL,196087
ENDOW,195844
JOIST,194739
FIZZY,194519
OFFAL,194416
STAID,194345
PITHY,194285
SHIRK,194196
EXALT,193526
BEGAT,191296
RIPEN,191197
BRAWN,191036
WRING,188579
STILT,188393
CLANG,187651
HUMUS,186734
FROCK,185379
WREST,185267
ASHEN,184747
SNARL,184639
LEGGY,182670
AMASS,181774
ILIAC,181298
SPIKY,181090
SUMAC,181045
WORDY,180947
JAUNT,180434
LOUSE,178544
SCOFF,177728
MUSKY,177529
FUROR,177433
UDDER,175766
BIOME,174268
FLUME,173970
BORAX,172497
USURP,171456
SCOLD,170208
CROAK,169181
ABHOR,169167
DOPEY,169040
TWEET,168757
LEERY,168700
ELFIN,168528
JUMPY,168187
TESTY,167487
MINIM,165667
CLINK,164177
BOSSY,163576
BICEP,162754
DICEY,161963
DOWDY,161797
DILLY,161256
BAWDY,160667
JOUST,160309
WEEDY,160228
GROPE,160148
AFOUL,159727
RAJAH,157089
SULKY,156355
DROOP,156194
FLAIL,155382
ARDOR,155258
DROSS,154345
BALER,153800
ATONE,152901
PALER,152772
FRISK,152512
LOATH,151677
EXULT,151420
EXTOL,149713
KNAVE,149542
CROUP,149483
RATTY,148678
SCREE,148396
ANTIC,147936
RECUT,146984
OVINE,146663
UNTIE,146576
ANNUL,146490
LANKY,146488
OUTDO,146433
MAMMY,145805
ENNUI,145576
PURER,145370
BLEAT,144793
SPRIG,143773
OVATE,143727
DALLY,142954
SHORN,142311
AMBLE,141586
SOOTH,141125
AIDER,140957
SCRAM,139774
GRIMY,139160
LOAMY,138014
BIDDY,137910
CRONY,137861
TEARY,137396
SOWER,137381
SATYR,136838
LITHE,135670
CLUCK,134048
GAFFE,132748
LIKEN,132264
NOSEY,132182
TODDY,131875
GAILY,131276
TATTY,130077
GAZER,129741
JUNTO,128329
UNDID,126166
BETEL,126006
UNWED,125824
CLUED,125391
CREAK,124122
ECLAT,123738
ABLED,122479
WRUNG,121159
AUGUR,120764
IDYLL,120651
BEGET,119815
WISPY,119494
CHAFE,118832
NOBLY,118764
FEIGN,116753
MEALY,116752
BOULE,116726
SHUCK,116293
SCOWL,115386
BELCH,115135
AFIRE,113772
GLOAT,113594
SQUIB,112968
DUNCE,112570
DRAWL,112289
WARTY,111349
MUCKY,111308
VAPID,110502
AGLOW,110328
TROPE,109419
CATTY,107679
SKIMP,107336
HARPY,107008
SINGE,106880
PLUNK,106835
CAPUT,105633
RASPY,105094
OVOID,105072
IMBUE,105068
ACRID,104638
MATEY,104596
BELIE,103562
SLYLY,103507
SHIED,103457
OPINE,103450
PLAIT,103227
SCALD,101839
LEANT,101406
STANK,100733
FRILL,99652
DRYLY,96792
CORER,96129
GONAD,95676
BASTE,95369
COWER,95006
DEIGN,94806
UNLIT,94251
WRYLY,93928
PRUDE,93351
BOTCH,92410
SWILL,92032
COPSE,90567
RUDER,89666
PUDGY,89451
DUMPY,88067
BEADY,87974
TAPIR,86809
BLURT,86781
FROND,86555
IMPEL,86447
HUSSY,85775
SANER,84491
PRIED,82841
GRUEL,82196
GONER,80810
BLUER,80668
FLUNK,79790
SPURN,79323
HOVEL,76694
STUNK,76458
FETID,75712
MOULT,75151
ELOPE,74984
SINEW,74869
RIPER,74056
TWIXT,73594
PREEN,73524
SURER,73497
WOOZY,72439
FLOUT,72396
BOOZY,71828
KNEED,71162
WHELP,70407
POUTY,69818
EDIFY,69341
OAKEN,69075
WRACK,68820
BRINY,66915
CAGEY,66504
DULLY,66436
CHIDE,66368
GASSY,63283
BUSED,62772
POESY,62166
GAYER,62075
CABBY,61542
ODDER,60826
HUMPH,60767
GNASH,60339
SHUSH,60031
FOIST,55908
MANGY,55682
DEBAR,52384
COYLY,52174
TEPEE,52048
SLOSH,51634
BLARE,49365
REARM,45604
DEMUR,45556
APING,42534
PULPY,41088
SLUNK,40167
DAUNT,38855
NINNY,38726
PARER,38034
RETCH,37821
QUALM,34744
OUTGO,34007
WAXEN,31767
GAWKY,31136
EYING,31044
BEFIT,31021
ABASE,29383
GAYLY,29264
THRUM,28106
CAVIL,27985
EKING,26695
SKULK,24018
ELIDE,23795
ICILY,21127
UNFED,20266
SNAKY,18580
VAUNT,17134
ELATE,16161
